{"cameraMode":{"drawMode":0,"name":"Shaded","section":"Shading Mode"},"sceneLighting":true,"audioPlay":false,"sceneViewState":{"showFog":true,"showMaterialUpdate":false,"showSkybox":true,"showFlares":true,"showImageEffects":true,"showParticleSystems":true},"in2DMode":false,"pivot":{"x":2.5986061096191408,"y":-5.707366943359375,"z":1.6593170166015626},"rotation":{"x":-0.13513082265853883,"y":0.8647653460502625,"z":-0.334724098443985,"w":-0.34911298751831057},"size":45.51329803466797,"orthographic":false}